,link,titulo,citacoes,ano,tipo_arquivo,versao,busca,y
0,https://www.academia.edu/download/55091016/algoritmos-geneticos-libro-bueno.pdf,Introducción a los algoritmos genéticos y la programación genética,['75'],['2010'],[LIVRO],['3'],algoritmos+geneticos,
1,https://www.researchgate.net/profile/Pablo_Estevez/publication/228708779_Optimizacion_Mediante_Algoritmos_Geneticos/links/0912f51111f82b2a61000000.pdf,Optimización mediante algoritmos genéticos,['51'],['1997'],[PDF],['2'],algoritmos+geneticos,
2,http://it.uc3m.es/jvillena/irc/practicas/06-07/05.pdf,Algoritmos genéticos,['18'],"['2007', '3']",[PDF],['5'],algoritmos+geneticos,
3,http://cursos.itam.mx/akuri/PUBLICA.CNS/2000/AGS.PDF,Algoritmos genéticos,['26'],['2002'],[LIVRO],['2'],algoritmos+geneticos,
4,https://the-geek.org/docs/algen/algen.html,Algoritmos genéticos y computación evolutiva,['29'],['2004'],[HTML],['2'],algoritmos+geneticos,
5,http://periodicosibepes.org.br/index.php/reinfo/article/view/133,Algoritmos genéticos aplicados a la categorización automática de documentos,['27'],['2003'],[HTML],['9'],algoritmos+geneticos,
6,https://books.google.com.br/books?hl=pt-BR&lr=&id=it0kv6UsEMEC&oi=fnd&pg=PA3&dq=algoritmos+geneticos&ots=Cm3ih8PvV0&sig=OqINz5q4seGbx1uHCqJsPd7BBJI,Algoritmos genéticos (2a ediçao),['287'],['2008'],[LIVRO],['9'],algoritmos+geneticos,1
7,http://www.biblioteca.uma.es/bbldoc/tesisuma/17161794.pdf,Análisis y diseño de algoritmos genéticos paralelos distribuidos,['26'],['1999'],[PDF],['8'],algoritmos+geneticos,0
8,https://www.colibri.udelar.edu.uy/jspui/handle/20.500.12008/2932,Algoritmos genéticos paralelos y su aplicación al diseño de redes de comunicaciones confiables,['18'],['2004'],[PDF],['5'],algoritmos+geneticos,0
9,https://www.researchgate.net/profile/Marcos_Gestal/publication/237812449_Introduccion_a_los_Algoritmos_Geneticos/links/02e7e520a93bdade8f000000.pdf,Introducción a los algoritmos genéticos,['19'],['2000'],[PDF],['11'],algoritmos+geneticos,0
10,https://www.redalyc.org/pdf/816/81690104.pdf,Sistemas recomendadores: Un enfoque desde los algoritmos genéticos,['22'],['2006'],[PDF],['2'],algoritmos+geneticos,0
11,http://www.academia.edu/download/32518482/ag.pdf,Introdução aos algoritmos genéticos,['156'],['1999'],[PDF],['5'],algoritmos+geneticos,1
12,http://www.inf.ufsc.br/~mauro.roisenberg/ine5377/Cursos-ICA/MQ-intro_apost.pdf,Algoritmos genéticos: princípios e aplicações,['129'],['1999'],[PDF],['2'],algoritmos+geneticos,0
13,https://www.researchgate.net/profile/Jose_Diego-Mas/publication/311939744_Optimizacion_de_la_distribucion_en_planta_de_instalaciones_industriales_mediante_algoritmos_geneticos_aportacion_al_control_de_la_geometria_de_las_actividades/links/5863b8dd08aebf17d3973b5e/Optimizacion-de-la-distribucion-en-planta-de-instalaciones-industriales-mediante-algoritmos-geneticos-aportacion-al-control-de-la-geometria-de-las-actividades.pdf,Optimización de la distribución en planta de instalaciones industriales mediante algoritmos genéticos. Aportación al control de la geometría de las actividades,['43'],['2006'],[PDF],['2'],algoritmos+geneticos,0
14,https://scielo.conicyt.cl/scielo.php?pid=s0717-68212006000200002&script=sci_arttext,Modelos de algoritmos genéticos y redes neuronales en la predicción de índices bursátiles asiáticos,['26'],['2006'],[HTML],['16'],algoritmos+geneticos,0
15,http://revistas.unipamplona.edu.co/ojs_viceinves/index.php/RCTA/article/view/297,Optimización del THD en un convertidor multinivel monofásico usando algoritmos genéticos,['21'],['2013'],[HTML],['3'],algoritmos+geneticos,1
16,https://dialnet.unirioja.es/servlet/tesis?codigo=9581,Estudio de la coordinación inteligente en robots bípedos: aplicación de lógica borrosa y algoritmos genéticos,['20'],['1994'],[HTML],['3'],algoritmos+geneticos,0
17,https://riunet.upv.es/handle/10251/15409,Optimización estructural y topológica de estructuras morfológicamente no definidas mediante algoritmos genéticos,['15'],['2012'],[HTML],['6'],algoritmos+geneticos,0
18,http://inf.udec.cl/~revista/ediciones/edicion9/egruttner.pdf,Recorridos Optimos de Le neas de Transporte Peublico Usando Algoritmos Geneticos,['18'],['2002'],[PDF],['2'],algoritmos+geneticos,0
19,http://hrudnick.sitios.ing.uc.cl/paperspdf/Gil.pdf,Programación de la generación de corto plazo en sistemas hidrotérmicos usando algoritmos genéticos,['17'],['2001'],[PDF],['2'],algoritmos+geneticos,0
20,http://www.ufrgs.br/niee/eventos/RIBIE/1998/pdf/com_pos_dem/151.pdf,Jogos Educativos computadorizados utilizando a abordagem de algoritmos genéticos,['99'],['1998'],[PDF],['3'],algoritmos+geneticos,0
21,http://delta.cs.cinvestav.mx/~ccoello/EMOO/thesis-bernal.pdf.gz,Aplicación de algoritmos genéticos al diseño óptimo de sistemas de distribución de energía eléctrica,['18'],['1998'],[PDF],['2'],algoritmos+geneticos,0
22,https://scielo.conicyt.cl/scielo.php?pid=S0718-07642009000400016&script=sci_arttext,Optimización de redes eléctricas mediante la aplicación de algoritmos genéticos,['16'],['2009'],[HTML],['8'],algoritmos+geneticos,0
23,https://dialnet.unirioja.es/servlet/articulo?codigo=4134107,Algoritmos Genéticos: una estrategia para la búsqueda y la optimización,['13'],['1992'],[HTML],['8'],algoritmos+geneticos,0
24,http://laboratorios.fi.uba.ar/lsi/R-ITBA-26-rrnn-ags.pdf,Generación automática de redes neuronales con ajuste de parámetros basado en algoritmos genéticos,['19'],['2002'],[PDF],['5'],algoritmos+geneticos,0
25,https://polipapers.upv.es/index.php/RIAI/article/view/8107,Algoritmos genéticos aplicados al diseño de controladores robustos,['14'],['2006'],[PDF],['6'],algoritmos+geneticos,1
26,https://www.jstor.org/stable/20856836,"Algoritmos genéticos y modelos multivariados recursivos en la predicción de índices bursátiles de América del Norte: IPC, TSE, Nasdaq y DJI",['16'],['2004'],[PDF],['7'],algoritmos+geneticos,1
27,https://revistas.javeriana.edu.co/index.php/iyu/article/view/912,"Redes de Petri y algoritmos genéticos, una propuesta para la programación de sistemas de manufactura flexible",['19'],['2006'],[PDF],['12'],algoritmos+geneticos,1
28,https://www.redalyc.org/pdf/925/92501803.pdf,Algoritmos genéticos en la construcción de funciones de pertenencia borrosas,['14'],['2003'],[PDF],['9'],algoritmos+geneticos,0
29,https://www.ppgee.ufmg.br/defesas/673M.PDF,"Algoritmos genéticos: estudo, novas técnicas e aplicações",['70'],['1997'],[PDF],['2'],algoritmos+geneticos,1
30,http://www.scielo.br/scielo.php?pid=S0100-40421999000300019&script=sci_arttext&tlng=pt,Algoritmo genético em química,['51'],['1999'],[HTML],['6'],algoritmos+geneticos,1
31,https://trid.trb.org/view/964053,Algoritmos genéticos para la optimización de redes de distribución,['9'],['1998'],[HTML],['6'],algoritmos+geneticos,0
32,https://scielo.conicyt.cl/scielo.php?pid=S0718-33052011000100006&script=sci_arttext,Un algoritmo genético para el problema de Job Shop Flexible,['12'],['2011'],[HTML],['3'],algoritmos+geneticos,0
33,http://neo.lcc.uma.es/tesis/PhD-Bernabe.pdf,Diseño e implementación de algoritmos genéticos celulares para problemas complejos,['13'],['2007'],[PDF],['2'],algoritmos+geneticos,0
34,http://www.nce.ufrj.br/GINAPE/VIDA/alggenet.htm,Algoritmos Genéticos: Fundamentos e Aplicações,['43'],['2007'],[HTML],['2'],algoritmos+geneticos,1
35,https://www.redalyc.org/pdf/1331/133114991005.pdf,Cinemática inversa de un brazo robot utilizando algoritmos genéticos,['12'],['2006'],[PDF],['7'],algoritmos+geneticos,0
36,http://www.sc.ehu.es/ccwbayes/docencia/mmcc/docs/t2geneticos.pdf,Tema 2. algoritmos genéticos,['11'],['2008'],[PDF],['2'],algoritmos+geneticos,0
37,http://revistas.utp.edu.co/index.php/revistaciencia/article/view/5393,Optimización multiobjetivo usando un algoritmo genético y un operador elitista basado en un ordenamiento no-dominado (NSGA-II),['17'],['2007'],[PDF],['4'],algoritmos+geneticos,0
38,https://scielo.conicyt.cl/scielo.php?pid=S0718-07642010000300014&script=sci_arttext&tlng=en,Optimización del algoritmo genético para la solución integral de enrutamiento en redes fotónicas,['13'],['2010'],[HTML],['8'],algoritmos+geneticos,0
39,http://delta.cs.cinvestav.mx/~ccoello/conferences/fundacion94.pdf.gz,Uso de algoritmos genéticos para el diseno optimo de armaduras,['11'],['1994'],[PDF],['8'],algoritmos+geneticos,0
40,https://upcommons.upc.edu/handle/2099/8839,Un algoritmo genético simple para la optimización de estructuras planas articuladas,['12'],['1993'],[PDF],['4'],algoritmos+geneticos,0
41,https://www.redalyc.org/pdf/849/84911685024.pdf,"Síntesis de generación de trayectoria y de movimiento para múltiples posiciones en mecanismos, utilizando algoritmos genéticos",['15'],['2004'],[PDF],['3'],algoritmos+geneticos,0
42,https://scielo.conicyt.cl/scielo.php?pid=S0718-07642013000100012&script=sci_arttext,"Programación de Horarios Escolares basados en Ritmos Cognitivos usando un Algoritmo Genético de Clasificación No-dominada, NSGA-II",['15'],['2013'],[HTML],['7'],algoritmos+geneticos,0
43,http://delta.cs.cinvestav.mx/~ccoello/EMOO/thesis_castro.pdf.gz,Otimização de estruturas com multi-objetivos via algoritmos genéticos,['54'],['2001'],[PDF],['7'],algoritmos+geneticos,1
44,http://www.teses.usp.br/teses/disponiveis/3/3141/tde-05092001-141334/en.php,Algoritmos genéticos adaptativos: um estudo comparativo.,['46'],['2000'],[PDF],['6'],algoritmos+geneticos,0
45,http://revistas.utp.edu.co/index.php/revistaciencia/article/view/5377,Control en línea con algoritmos genéticos y recocido simulado,['7'],['2007'],[PDF],['3'],algoritmos+geneticos,0
46,https://www.redalyc.org/pdf/925/92503708.pdf,Reconocimiento de patrones en el tráfico de red basado en algoritmos genéticos,['11'],['2008'],[PDF],['4'],algoritmos+geneticos,0
47,http://www.iiisci.org/Journal/Cv$/Risci/Pdfs/P954724.Pdf,Experimentos con algoritmos genéticos para resolver un problema real de programación Maestros-Horarios-Cursos,['9'],['2004'],[PDF],['4'],algoritmos+geneticos,0
48,https://www.cs.us.es/cursos/ia1-2008/trabajos/articulo1.pdf,Evolución de autómatas celulares utilizando algoritmos genéticos,['9'],['2008'],[PDF],['6'],algoritmos+geneticos,0
49,https://scielo.conicyt.cl/scielo.php?pid=S0718-07642010000400006&script=sci_arttext&tlng=n,Optimización termoeconómica y ambiental usando algoritmos genéticos multiobjetivo,['9'],['2010'],[HTML],['8'],algoritmos+geneticos,0
50,https://www.redalyc.org/pdf/643/64327120.pdf,"Metaheurísticas aplicadas al ruteo de vehículos. Un caso de estudio. Parte 2: Algoritmo genético, comparación con una solución heurística",['15'],['2007'],[PDF],['6'],algoritmos+geneticos,0
51,http://www.teses.usp.br/teses/disponiveis/3/3144/tde-21022002-112505/en.php,Otimização de estruturas de concreto armado utilizando algoritmos genéticos.,['38'],['2001'],[PDF],['6'],algoritmos+geneticos,0
52,https://www.redalyc.org/service/r2020/downloadPdf/849/84920491003/1,Algoritmo genético modificado aplicado al problema de secuenciamiento de tareas en sistemas de producción lineal–Flow Shop,['12'],['2006'],[PDF],['2'],algoritmos+geneticos,0
53,https://revistas.udistrital.edu.co/ojs/index.php/Tecnura/article/view/6671,Aplicación de los algoritmos genéticos para el diseño de un controlador PID adaptativo,['9'],['2009'],[PDF],['4'],algoritmos+geneticos,0
54,http://www.scielo.org.mx/scielo.php?pid=S0035-001X2011000400013&script=sci_arttext&tlng=pt,Obtención de los parámetros ópticos de la piel usando algoritmos genéticos y MCML,['10'],['2011'],[PDF],['9'],algoritmos+geneticos,0
55,http://delta.cs.cinvestav.mx/~ccoello/conferences/dinamica.pdf.gz,El algoritmo genético como alternativa a la programación dinámica,['8'],['1994'],[PDF],['9'],algoritmos+geneticos,0
56,https://iwaponline.com/IA/article-abstract/4/1/71/68210,Optimización de redes de distribución de agua utilizando un algoritmo genético,['10'],['1997'],[PDF],['12'],algoritmos+geneticos,0
57,http://rci.cujae.edu.cu/index.php/rci/article/view/158,Propuesta de algoritmo de clasificación genética,['17'],['2013'],[PDF],['5'],algoritmos+geneticos,0
58,https://www.sciencedirect.com/science/article/pii/S1405774313722248,Minimizatión del makespan en máquinas paralelas idénticas con tiempos de preparación dependientes de la secuencia utilizando un algoritmo genético,['11'],['2013'],[HTML],['11'],algoritmos+geneticos,0
59,http://delta.cs.cinvestav.mx/~ccoello/conferences/cicc95.pdf.gz,Diseno optimo de vigas de concreto reforzado mediante algoritmos genéticos,['8'],['1995'],[PDF],['11'],algoritmos+geneticos,0
60,https://scielo.conicyt.cl/scielo.php?pid=S0718-07642014000400003&script=sci_arttext&tlng=n,Ruteo y Asignación de Longitud de Onda: Comparación de Algoritmos Genéticos y Templado Simulado,['9'],['2014'],[HTML],['4'],algoritmos+geneticos,0
61,http://funes.uniandes.edu.co/3510/,algoritmos genéticos. Una visión práctica,['6'],['2009'],[HTML],['4'],algoritmos+geneticos,0
62,https://www.redalyc.org/pdf/496/49622372026.pdf,Agrupamiento homogéneo de elementos con múltiples atributos mediante algoritmos genéticos,['8'],['2011'],[PDF],['11'],algoritmos+geneticos,0
63,https://www.redalyc.org/pdf/467/46712187002.pdf,Síntesis dimensional óptima de un mecanismo planar RRRR usando algoritmos genéticos,['8'],['2009'],[PDF],['7'],algoritmos+geneticos,0
64,http://muriloleal.com.br/visao/repositorio/centec/eai/ia/ALGORITMOS%20GEN%C3%89TICOS%20-%20APOSTILA.pdf,Algoritmos genéticos: uma introdução,['27'],['2002'],[PDF],['5'],algoritmos+geneticos,0
65,https://www.researchgate.net/profile/Luiz_Lorena/publication/267418542_Algoritmo_Genetico_Construtivo_na_otimizacao_de_problemas_combinatoriais_de_agrupamentos/links/545206660cf285a067c6b996/Algoritmo-Genetico-Construtivo-na-otimizacao-de-problemas-combinatoriais-de-agrupamentos.pdf,Algoritmo genético construtivo na otimizaçao de problemas combinatoriais de agrupamentos,['32'],['1998'],[PDF],['5'],algoritmos+geneticos,0
66,https://dialnet.unirioja.es/servlet/articulo?codigo=4991548,Minimización de la distorsión armónica de una modulación PWM con algoritmos genéticos,['8'],['2011'],[PDF],['6'],algoritmos+geneticos,0
67,https://repositorio.ufsc.br/handle/123456789/84439,Algoritmos genéticos aplicados na otimização de antenas refletoras,['32'],['2002'],[PDF],['3'],algoritmos+geneticos,0
68,https://www.redalyc.org/pdf/3291/329127746009.pdf,Un Algoritmo Genético Especializado en Planeamiento de Redes de Distribución Parte I. Fundamentos Técnicos del Algoritmo,['7'],['2011'],[PDF],['3'],algoritmos+geneticos,0
69,http://laboratorios.fi.uba.ar/lsi/bertona-tesisingenieriainformatica.pdf,Entrenamiento de redes neuronales basado en algoritmos evolutivos,['42'],['2005'],[PDF],['7'],algoritmos+geneticos,0
70,http://venus.santafe-conicet.gov.ar/ojs/index.php/mc/article/view/2910,Optimización topológica de sistemas estructurales bidimensionales discretos mediante algoritmos genéticos,['8'],['2009'],[PDF],['7'],algoritmos+geneticos,0
71,http://www.teses.usp.br/teses/disponiveis/livredocencia/3/tde-01082017-153155/en.php,Configuração de redes de distribuição através de algoritmos genéticos e tomada de decisão Fuzzy.,['31'],['1999'],[PDF],['2'],algoritmos+geneticos,0
72,https://scielo.conicyt.cl/scielo.php?pid=S0718-07642015000300016&script=sci_arttext&tlng=e,Ubicación de generación distribuida para minimización de pérdidas usando un algoritmo genético híbrido,['8'],['2015'],[HTML],['5'],algoritmos+geneticos,0
73,http://www.academia.edu/download/52265629/doc66.pdf,La gestión de inventarios con algoritmos genéticos.,['6'],['1998'],[PDF],['8'],algoritmos+geneticos,0
74,https://riull.ull.es/xmlui/handle/915/9978,Algoritmos genéticos y predicción de la composición de la demanda turística,['7'],['2002'],[PDF],['8'],algoritmos+geneticos,0
75,https://www.researchgate.net/profile/Oscar_Chuk/publication/339565711_CALCULO_OPTIMO_DE_HIDROCICLONES_POR_MEDIO_DE_ALGORITMOS_GENETICOS/links/5e5909364585152ce8f543c0/CALCULO-OPTIMO-DE-HIDROCICLONES-POR-MEDIO-DE-ALGORITMOS-GENETICOS.pdf,Cálculo óptimo de hidrociclones por medio de algoritmos genéticos,['7'],['2004'],[PDF],['8'],algoritmos+geneticos,0
76,https://www.redalyc.org/pdf/643/64325204.pdf,Aplicación de algoritmos genéticos para la programación de tareas en una celda de manufactura,['9'],['2005'],[PDF],['3'],algoritmos+geneticos,0
77,https://pdfs.semanticscholar.org/5cd8/8c6eaf81798818838bea9b282027f657d263.pdf,Diseno de códigos correctores de errores con algoritmos genéticos,['7'],['2004'],[PDF],['17'],algoritmos+geneticos,0
78,https://scielo.conicyt.cl/scielo.php?pid=S0718-33052012000200004&script=sci_arttext,Reubicación del parque de transformadores de los sistemas de distribución de Bogotá DC mediante algoritmos genéticos,['9'],['2012'],[HTML],['10'],algoritmos+geneticos,0
79,http://200.62.146.19/Bibvirtual/Publicaciones/risi/2010_n1/v7n1/a05v7n1.pdf,Sistema de Apoyo a la Generación de Horarios basado en Algoritmos Genéticos,['8'],"['2010', '200', '62', '146', '19']",[PDF],['4'],algoritmos+geneticos,0
80,https://dialnet.unirioja.es/descarga/articulo/1300464.pdf,Breve Estudio sobre la Aplicación de los Algoritmos Genéticos a la Recuperación de Información,['8'],['1999'],[PDF],['8'],algoritmos+geneticos,0
81,http://riaa.uaem.mx/handle/20.500.12055/93,Revisión de algoritmos genéticos aplicados al problema de la programación de cursos universitarios,['8'],['2018'],[PDF],['5'],algoritmos+geneticos,1
82,https://books.google.com.br/books?hl=pt-BR&lr=&id=5i0YutAAsaAC&oi=fnd&pg=PA133&dq=algoritmos+geneticos&ots=PSqGdH_egC&sig=d5PcTfHLMZuCxQ5Qv9gTag5CLUo,Algoritmos de optimización estructural basados en simulación genética,['11'],['1996'],[LIVRO],['5'],algoritmos+geneticos,0
83,https://www.fing.edu.uy/~sergion/gp/documentos/propios/RPSGAGP.pdf,Resolución del Problema de Steiner Generalizado utilizando un algoritmo genético paralelo,['7'],['2003'],[PDF],['2'],algoritmos+geneticos,0
84,https://revista.eia.edu.co/index.php/BME/article/view/102,Metodología para dimensionamiento de mecanismo policéntrico de rodilla utilizando análisis de marcha y algoritmos genéticos. METHODOLOGY TO GAUGE A …,['15'],['2012'],[PDF],['15'],algoritmos+geneticos,1
85,https://www.scielo.sa.cr/pdf/rmta/v18n2/a02v18n2.pdf,Un algoritmo genético para un problema de horarios con restricciones especiales,['8'],['2011'],[PDF],['9'],algoritmos+geneticos,0
86,https://scielo.conicyt.cl/scielo.php?pid=S0718-33052015000100014&script=sci_arttext&tlng=en,Algoritmo genético mejorado para la minimización de la tardanza total en un flowshop flexible con tiempos de preparación dependientes de la secuencia,['10'],['2015'],[HTML],['11'],algoritmos+geneticos,0
87,http://www.car.upm-csic.es/lopsi/static/publicaciones/Congreso%20Nacional/XXVIJAutomRoa2005.pdf,Primeros resultados en la optimización de la ubicación de balizas para localización utilizando algoritmos genéticos,['8'],['2005'],[PDF],['11'],algoritmos+geneticos,0
88,http://www.scielo.org.mx/scielo.php?pid=S1405-77432011000200012&script=sci_arttext,Estimación y localización de fugas en una red de tuberías de agua potable usando algoritmos genéticos,['8'],['2011'],[HTML],['11'],algoritmos+geneticos,0
89,https://bdpi.usp.br/item/001122639,Aplicação de algoritmo genético na calibração de redes de água,['20'],['2000'],[HTML],['2'],algoritmos+geneticos,0
90,http://www.ucsp.edu.pe/~ytupac/research/advisor/Tesis_VictorArroyoUCSP2013.pdf,Modelo de un algoritmo genético con selección discriminatoria de individuos bajo un esquema de ponderación de probabilidades de mutación,['9'],['2013'],[PDF],['3'],algoritmos+geneticos,0
91,https://www.fing.edu.uy/~sergion/gp/documentos/propios/EDCAGP.pdf,Evolución en el diseño y clasificación de Algoritmos Genéticos Paralelos,['6'],['2002'],[PDF],['4'],algoritmos+geneticos,0
92,https://www.osti.gov/etdeweb/biblio/20687335,Una Metodología para obtener los Patrones de Barras de Control en un BWR usando Algoritmos Genéticos,['8'],['2003'],[PDF],['4'],algoritmos+geneticos,0
93,https://www.researchgate.net/profile/Eduardo_Caicedo_Bravo/publication/313020213_Gestion_Optima_de_la_Potencia_Electrica_en_una_Microgrid_Conectada_basada_en_el_Algoritmo_Genetico_para_Optimizacion_Multiobjetivo_MOGA/links/58913ffc92851cda2568a656/Gestion-Optima-de-la-Potencia-Electrica-en-una-Microgrid-Conectada-basada-en-el-Algoritmo-Genetico-para-Optimizacion-Multiobjetivo-MOGA.pdf,"Gestión óptima de la potencia eléctrica en una microrred conectada, basada en el algoritmo genético para optimización multiobjetivo MOGA",['9'],['2016'],[PDF],['3'],algoritmos+geneticos,1
94,https://revistas.udistrital.edu.co/index.php/tekhne/article/view/8951,Evaluación de desempeño de dos técnicas de optimización bio-inspiradas: Algoritmos Genéticos y Enjambre de Partículas,['8'],['2014'],[PDF],['2'],algoritmos+geneticos,0
95,https://www.redalyc.org/pdf/114/11400702.pdf,Despacho económico con unidades de características no convexas empleando Algoritmos Genéticos,['5'],['2000'],[PDF],['2'],algoritmos+geneticos,0
96,https://revistas.javeriana.edu.co/index.php/cuadernos_admon/article/view/3974,Adaptación de algoritmos genéticos en la simulación del comportamiento estratégico de los agentes contaminadores ante el cobro de tasas retributivas.,['9'],['2008'],[PDF],['4'],algoritmos+geneticos,0
97,http://40jaiio.sadio.org.ar/sites/default/files/T2011/ASAI/1052.pdf,Modelado de sistemas difusos basado en el algoritmo genético compacto,['6'],"['2011', '2011', '40']",[PDF],['4'],algoritmos+geneticos,0
98,https://dialnet.unirioja.es/servlet/articulo?codigo=3274382,Un algoritmo genético híbrido y un enfriamiento simulado para solucionar el problema de programación de pedidos job shop,['8'],['2010'],[PDF],['4'],algoritmos+geneticos,0
99,https://www.researchgate.net/profile/Marcos_Diaz4/publication/5100300_Modelizacion_semiparametrica_y_validacion_teorica_del_metodo_de_valoracion_contingente_Aplicacion_de_un_algoritmo_genetico/links/02e7e519257de56218000000/Modelizacion-semiparametrica-y-validacion-teorica-del-metodo-de-valoracion-contingente-Aplicacion-de-un-algoritmo-genetico.pdf,Modelización semiparamétrica y validación teórica del método de valoración contingente. Aplicación de un algoritmo genético,['9'],['2003'],[PDF],['8'],algoritmos+geneticos,0
100,https://www.sciencedirect.com/science/article/pii/S0186104215721480,Análisis de portafolio por sectores mediante el uso de algoritmos genéticos: caso aplicado a la Bolsa Mexicana de Valores,['9'],['2015'],[HTML],['8'],algoritmos+geneticos,
101,https://scielo.conicyt.cl/scielo.php?pid=S0718-33052017000300389&script=sci_arttext,Control de demanda eléctrica aplicando algoritmos genéticos,['4'],['2017'],[HTML],['6'],algoritmos+geneticos,
102,http://www.academia.edu/download/54362648/tsp_01.pdf,Solución del problema de ruteo de vehículos dependientes del tiempo utilizando un algoritmo genético modificado,['8'],['2014'],[PDF],['5'],algoritmos+geneticos,
103,https://dialnet.unirioja.es/descarga/articulo/187722.pdf,La selección del personal con un algoritmo genético borroso,['6'],['1996'],[PDF],['2'],algoritmos+geneticos,
104,https://dialnet.unirioja.es/descarga/articulo/187722.pdf,La selección del personal con un algoritmo genético borroso,['7'],['2016'],[CITAÇÃO],['10'],algoritmos+geneticos,1
105,https://dialnet.unirioja.es/servlet/articulo?codigo=4803533,Algoritmo genético modificado chu-beasley aplicado a la identificación de errores en la estimación de estado en sistemas eléctricos.,['8'],['2007'],[CITAÇÃO],['8'],algoritmos+geneticos,0
106,http://personales.upv.es/vyepesp/00myx07.pdf,Optimización de redes de distribución con algoritmos genéticos,['5'],['2000'],[PDF],['3'],algoritmos+geneticos,
107,http://www.scielo.br/scielo.php?pid=S0103-17592008000300006&script=sci_arttext&tlng=pt,Algoritmos genéticos e variantes na solução de problemas de configuração de redes de distribuição,['25'],['2008'],[HTML],['4'],algoritmos+geneticos,
108,http://www.academia.edu/download/50993223/algoritmo_genetico_co.pdf,Algoritmo genético modificado para diseño de redes de abastecimiento de agua,['6'],['2004'],[PDF],['5'],algoritmos+geneticos,
109,https://www.researchgate.net/profile/Antonino_Parisi4/publication/40881095_Modelos_de_algoritmos_geneticos_y_redes_neuronales_en_la_prediccion_del_signo_de_variacion_del_IPSA/links/581b40d208aea429b28fbdc6/Modelos-de-algoritmos-geneticos-y-redes-neuronales-en-la-prediccion-del-signo-de-variacion-del-IPSA.pdf,Modelos de algoritmos genéticos y redes neuronales en la predicción del signo de variación del IPSA,['5'],['2004'],[PDF],['5'],algoritmos+geneticos,
110,http://www.scielo.br/scielo.php?pid=S0100-67622004000200010&script=sci_arttext,Metaheurística algoritmo genético para solução de problemas de planejamento florestal com restrições de integridade,['27'],['2004'],[HTML],['9'],algoritmos+geneticos,
111,http://www.scielo.br/scielo.php?pid=S0100-67622004000200010&script=sci_arttext,Metaheurística algoritmo genético para solução de problemas de planejamento florestal com restrições de integridade,['6'],['2000'],[CITAÇÃO],['23'],algoritmos+geneticos,0
112,http://revistas.utp.edu.co/index.php/revistaciencia/article/view/7201,Algoritmo genético especializado para la localización óptima de capacitores en sistemas de distribución de energía eléctrica,['7'],['2004'],[CITAÇÃO],['2'],algoritmos+geneticos,0
113,https://scielo.conicyt.cl/scielo.php?pid=S0718-07642014000400008&script=sci_arttext&tlng=n,Combinación entre algoritmos genéticos y aleatorios para la programación de horarios de clases basado en ritmos cognitivos,['7'],['2014'],[HTML],['4'],algoritmos+geneticos,
114,http://site.abcic.org.br/pdf/PCT13_Castilho.pdf,Otimização de componentes de concreto pré-moldado protendidos mediante algoritmos genéticos,['24'],['2003'],[PDF],['9'],algoritmos+geneticos,
115,http://journal.secyt.unpa.edu.ar/index.php/ICTUNPA/article/view/514,Aplicación y evaluación de diferentes algoritmos genéticos canónicos en el diseño eficiente de redes de radio frecuencia en comunicaciones inalámbricas,['9'],['2013'],[PDF],['3'],algoritmos+geneticos,
116,http://eprints.uanl.mx/7603/1/1020130069.PDF,Aplicación de algoritmos genéticos para la asignación de carga académica en instituciones de educación superior,['5'],['2000'],[PDF],['3'],algoritmos+geneticos,
117,https://cdigital.uv.mx/bitstream/handle/123456789/29453/Toscano%20Pulido.pdf?sequence=1&isAllowed=y,Optimización multiobjetivo usando un micro algoritmo genético,['4'],['2001'],[PDF],['4'],algoritmos+geneticos,
118,https://www.researchgate.net/profile/Paula_Folino/publication/266305295_Acerca_de_la_conveniencia_del_uso_de_Algoritmos_Geneticos_como_Herramienta_para_la_Dosificacion_de_Hormigones/links/542c04010cf27e39fa91f72a.pdf,Acerca de la conveniencia del uso de algoritmos genéticos como herramienta para la dosificación de hormigones,['5'],['2008'],[PDF],['3'],algoritmos+geneticos,
119,https://scielo.conicyt.cl/scielo.php?pid=S0718-07642013000300009&script=sci_arttext&tlng=en,… de máquinas paralelas no relacionadas con tiempos de montaje dependientes de la secuencia y entrada dinámica usando algoritmos genéticos,['7'],['2013'],[HTML],['8'],algoritmos+geneticos,
120,https://scielo.conicyt.cl/scielo.php?pid=S0718-07642018000600235&script=sci_arttext,Solución del problema de conformación de lotes en almacenes utilizando algoritmos genéticos,['7'],['2018'],[HTML],['8'],algoritmos+geneticos,
121,https://scielo.conicyt.cl/scielo.php?pid=S0718-33052012000300002&script=sci_arttext,Compensación de potencia reactiva en sistemas desbalanceados utilizando algoritmos genéticos,['5'],['2012'],[HTML],['9'],algoritmos+geneticos,
122,http://www.scielo.br/scielo.php?pid=S0100-40422002000100009&script=sci_arttext,"Aplicação de algoritmos genéticos na seleção de variáveis em espectroscopia no infravermelho médio: determinação simultânea de glicose, maltose e …",['30'],['2002'],[HTML],['6'],algoritmos+geneticos,
123,https://www.acervodigital.ufpr.br/handle/1884/25068,Resolução de timetabling utilizando algoritmos genéticos e evolução cooperativa,['12'],['2003'],[HTML],['6'],algoritmos+geneticos,
124,https://pdfs.semanticscholar.org/06c9/8cd18bac7c8d2b857339bc561edd34b01594.pdf,Posprocesamiento morfológico adaptativo basado en algoritmos genéticos y orientado a la detección robusta de humanos,['6'],['2006'],[PDF],['3'],algoritmos+geneticos,
125,https://core.ac.uk/download/pdf/71397682.pdf,"… problema de ruteo de vehículos con capacidad limitada"" CVRP"" a través de la heurística de barrido y la implementación del algoritmo genético de Chu-beasley",['9'],['2013'],[PDF],['3'],algoritmos+geneticos,
126,https://www.researchgate.net/profile/Bill_Buckles/publication/267725329_Estrategias_Evolutivas_La_Version_Alemana_del_Algoritmo_Genetico_Parte_I/links/547b6fb50cf2a961e489c3a6.pdf,Estrategias Evolutivas: La Versión Alemana del Algoritmo Genético (Parte I),['5'],['1998'],[PDF],['4'],algoritmos+geneticos,
127,https://minerva.usc.es/xmlui/handle/10347/12138,Diseño de redes neuronales artificiales mediante algoritmos genéticos,['4'],['1995'],[PDF],['4'],algoritmos+geneticos,
128,http://revistatelematica.cujae.edu.cu/index.php/tele/article/view/116,Algoritmos Genéticos aplicados a la optimización de antenas,['5'],['2013'],[PDF],['4'],algoritmos+geneticos,
129,http://delta.cs.cinvestav.mx/~ccoello/EMOO/thesis_pappa.pdf.gz,Seleção de atributos utilizando Algoritmos Genéticos multiobjetivos,['15'],"['85', '2002']",[PDF],['2'],algoritmos+geneticos,
130,http://delta.cs.cinvestav.mx/~ccoello/EMOO/tesis_waldo_msc_final.pdf.gz,Aplicação de algorítmos genéticos multi-objetivo para alinhamento de seqüências biológicas,['15'],['2003'],[PDF],['3'],algoritmos+geneticos,
131,https://revistas.udistrital.edu.co/index.php/Tecnura/article/view/8351,Cinemática inversa de robot serial utilizando algoritmo genético basado en MCDS,['5'],['2015'],[PDF],['11'],algoritmos+geneticos,
132,http://www.scielo.org.mx/scielo.php?script=sci_arttext&pid=S1027-152X2010000100004,Algoritmos genéticos para la calibración del modelo climático de invernadero,['5'],['2010'],[HTML],['7'],algoritmos+geneticos,
133,https://scielo.conicyt.cl/scielo.php?pid=S0718-07642016000100013&script=sci_arttext,… Presupuesto para Mejoramiento de la Calidad del Servicio en Sistemas de Distribución usando Algoritmo Genético No-Dominado II (NSGA-II) y un Algoritmo …,['6'],['2016'],[HTML],['8'],algoritmos+geneticos,
134,http://www.din.uem.br/sbpo/sbpo2004/pdf/arq0232.pdf,Uma solução do problema de horário escolar via algoritmo genético paralelo,['18'],['2005'],[PDF],['3'],algoritmos+geneticos,
135,http://manualdefoneticaacusticaexperimental.com/assets/ciriglianoetal2005.pdf,Um conjunto de 1000 frases foneticamente balanceadas para o Português Brasileiro obtido utilizando a abordagem de algoritmos genéticos,['18'],['2005'],[PDF],['3'],algoritmos+geneticos,
136,https://www.redalyc.org/pdf/849/84920491003.pdf,Algoritmo Genético Modificado aplicado al problema de secuenciamiento de tareas en sistemas de producción lineal-Flow Shop,['6'],['2006'],[PDF],['3'],algoritmos+geneticos,
137,https://www.researchgate.net/profile/Angela_Ribeiro2/publication/266596352_ALGORITMOS_GENETICOS_APLICADOS_A_LA_SEGMENTACION_DE_IMAGENES_CON_ILUMINACION_NO_CONTROLADA/links/5497f98f0cf2519f5a1d268c/ALGORITMOS-GENETICOS-APLICADOS-A-LA-SEGMENTACION-DE-IMAGENES-CON-ILUMINACION-NO-CONTROLADA.pdf,Algoritmos genéticos aplicados a la segmentación de imágenes con iluminación no controlada,['5'],['2008'],[PDF],['6'],algoritmos+geneticos,
138,https://www.redalyc.org/pdf/453/45326951008.pdf,Clasificación automática simbólica por medio de algoritmos genéticos,['4'],['2009'],[PDF],['8'],algoritmos+geneticos,
139,https://www.redalyc.org/pdf/969/96918123003.pdf,Predicción no-lineal de tipos de cambio. Aplicación de un algoritmo genético,['5'],['2004'],[PDF],['6'],algoritmos+geneticos,
140,https://users.dcc.uchile.cl/~nbaloian/DSS-DCC/Tesis%20Algoritmos%20Geneticos.docx,Generación de horarios académicos en INACAP utilizando algoritmos genéticos,['5'],['2014'],[DOC],['2'],algoritmos+geneticos,0
141,http://repositorio.upct.es/handle/10317/784,Optimización de forma y topología con malla fija y algoritmos genéticos,['5'],['2009'],[DOC],['2'],algoritmos+geneticos,
142,http://150.214.190.154/sites/default/files/ficherosPublicaciones/0679_0679.pdf,Algoritmos genéticos multimodales: un estudio sobre la parametrización del método clearing aplicado al problema “Job Shop”,['7'],"['2009', '150', '214', '190', '154']",[PDF],['6'],algoritmos+geneticos,
143,https://www.researchgate.net/profile/Luisa_Reis2/publication/35468168_Analise_de_reabilitacao_de_redes_de_distribuicao_de_agua_para_abastecimento_via_algoritmos_geneticos_multiobjetivo/links/554caa460cf21ed2135bf41b/Analise-de-reabilitacao-de-redes-de-distribuicao-de-agua-para-abastecimento-via-algoritmos-geneticos-multiobjetivo.pdf,Análise de reabilitação de redes de distribuição de água para abastecimento via algoritmos genéticos multiobjetivo,['17'],['2004'],[PDF],['2'],algoritmos+geneticos,
144,https://dialnet.unirioja.es/servlet/tesis?codigo=9224,Operadores de cruce basados en intervalos de confianza en algoritmos genéticos con codificación real,['6'],['2001'],[PDF],['2'],algoritmos+geneticos,
145,http://www.teses.usp.br/teses/disponiveis/18/18138/tde-01032005-154332/en.php,Extração de regras operacionais ótimas de sistemas de distrubuição de água através de algoritmos genéticos multiobjetivo e aprendizado de máquina,['30'],['2004'],[PDF],['2'],algoritmos+geneticos,
146,https://oatd.org/oatd/record?record=oai%5C%3Aurlib.net%5C%3Asid.inpe.br%5C%2Firis%401905%5C%2F2005%5C%2F08.03.21.24.58-0,Algoritmo Genético Híbrido como um método de busca de estados estacionários de sistemas dinâmicos,['18'],['2002'],[PDF],['2'],algoritmos+geneticos,
147,https://scielo.conicyt.cl/scielo.php?pid=S0718-07642010000300012&script=sci_arttext,Identificación y ajuste paramétrico de una máquina trifásica de inducción magnética usando algoritmos genéticos,['5'],['2010'],[HTML],['6'],algoritmos+geneticos,
148,https://dialnet.unirioja.es/servlet/articulo?codigo=2097152,Diseño de redes viales urbanas usando algoritmos genéticos,['4'],['2004'],[HTML],['6'],algoritmos+geneticos,
149,https://www.redalyc.org/pdf/925/92503404.pdf,Búsqueda de la estructura óptima de redes neurales con algoritmos genéticos y simulated annealing. verificación con el benchmark proben1,['6'],['2007'],[PDF],['3'],algoritmos+geneticos,
150,http://clyde.dr.ufu.br/handle/123456789/14632,Uso dos algoritmos genéticos para a otimização de rotas de distribuição,['15'],['2006'],[PDF],['4'],algoritmos+geneticos,
151,https://www.redalyc.org/pdf/643/64325203.pdf,Optimización de la geometría de un eje aplicando algoritmos genéticos,['4'],['2005'],[PDF],['5'],algoritmos+geneticos,
152,http://revistas.unab.edu.co/index.php/rcc/article/view/1047,Aproximando a los sistemas recomendadores desde los algoritmos genéticos,['4'],['2006'],[PDF],['2'],algoritmos+geneticos,
153,https://revistasinvestigacion.unmsm.edu.pe/index.php/idata/article/download/6357/5571/0,Optimización de portafolios accionarios a través de un micro algoritmo genético,['4'],['2014'],[PDF],['2'],algoritmos+geneticos,
154,http://scielo.sld.cu/scielo.php?pid=S2071-00542012000200012&script=sci_arttext&tlng=en,Algoritmo Genético aplicado al problema de programación en procesos tecnológicos de maquinado con ambiente Flow Shop,['5'],['2012'],[HTML],['13'],algoritmos+geneticos,
155,http://silverio.net.br/heitor/disciplinas/ce/arquivos/bibliografia/sbai99.pdf,Algoritmos genéticos em projetos de engenharia: aplicações e perspectivas futuras,['15'],['1999'],[PDF],['13'],algoritmos+geneticos,
156,https://www.researchgate.net/profile/Rafael_Bee/publication/26978551_Alocacao_de_bancos_de_capacitores_em_sistema_de_distribuicao_de_energia_eletrica_utilizando_algoritmos_geneticos/links/5c3cd8af299bf12be3c787a3/Alocacao-de-bancos-de-capacitores-em-sistema-de-distribuicao-de-energia-eletrica-utilizando-algoritmos-geneticos.pdf,Alocação de Bancos de Capacitores em Sistema de Distribuição de Energia Elétrica Utilizando Algoritmos Genéticos,['20'],['2007'],[PDF],['2'],algoritmos+geneticos,
157,http://uniesp.edu.br/sites/_biblioteca/revistas/20180403124444.pdf,Algoritmos genéticos: uma visão explanatória,['11'],['2008'],[PDF],['2'],algoritmos+geneticos,
158,http://www.academia.edu/download/31356760/Teoria_ag.pdf,Algoritmos Genéticos,['2'],['2007'],[PDF],['2'],algoritmos+geneticos,
159,http://ww.revistadyo.com/index.php/dyo/article/view/51,Uso de algoritmos genéticos para resolver el modelo determinista y estocástico para el diseño de una red de recogida de residuos,['5'],['2008'],[PDF],['22'],algoritmos+geneticos,
160,http://redc.revistas.csic.es/index.php/redc/article/view/694,Aplicación de algoritmos genéticos a la identificación de la estructura de enlaces en portales web,['5'],['2011'],[PDF],['9'],algoritmos+geneticos,
161,https://www.lume.ufrgs.br/handle/10183/15033,Otimização paramétrica de estruturas treliçadas por algoritmos genéticos,['12'],['2008'],[PDF],['9'],algoritmos+geneticos,
162,https://www.researchgate.net/profile/Carlos_Velez_S2/publication/262560695_Identificacion_del_modelo_de_un_mini-helicoptero_robot_usando_algoritmos_geneticos/links/0deec537fa6cd04603000000.pdf,Identificación del modelo de un mini helicóptero robot usando algoritmos genéticos,['4'],['2009'],[PDF],['2'],algoritmos+geneticos,
163,https://www.redalyc.org/pdf/896/89612111.pdf,Evolución de chip ADN emulado con algoritmo genético en FPGA para control de navegación de un robot móvil,['5'],['2008'],[PDF],['9'],algoritmos+geneticos,
164,https://www.redalyc.org/pdf/707/70770203.pdf,Implementación del algoritmo PID adaptativo para controlar temperatura a través del computador usando algoritmos genéticos,['3'],['2000'],[PDF],['5'],algoritmos+geneticos,
165,https://www.redalyc.org/pdf/1450/145020399002.pdf,Aplicación de algoritmos genéticos en la optimización del sistema de abastecimiento de agua de Barquisimeto-Cabudare,['6'],['2006'],[PDF],['8'],algoritmos+geneticos,
166,https://www.redalyc.org/pdf/1450/145020399002.pdf,Aplicación de algoritmos genéticos en la optimización del sistema de abastecimiento de agua de Barquisimeto-Cabudare,['15'],['2004'],[CITAÇÃO],['3'],algoritmos+geneticos,0
167,http://www.scielo.br/scielo.php?pid=S0101-74382003000100014&script=sci_arttext&tlng=pt,Otimização de métodos de controle de qualidade de fármacos usando algoritmo genético e busca tabu,['17'],['2003'],[HTML],['6'],algoritmos+geneticos,
168,http://revistaseletronicas.pucrs.br/ojs/index.php/hifen/article/view/3781/0,Algoritmos genéticos aplicados ao problema de roteamento de veículos,['13'],['2006'],[HTML],['6'],algoritmos+geneticos,
169,https://www.lume.ufrgs.br/handle/10183/13948,Otimização via algoritmos genéticos de perfis U formados a frio submetidos à compressão utilizando o método da resistência direta,['17'],['2008'],[HTML],['6'],algoritmos+geneticos,
170,http://www.scielo.br/scielo.php?pid=S0103-17592006000100008&script=sci_arttext&tlng=pt,Aplicação de algoritmos genéticos na determinação da operação ótima de sistemas hidrotérmicos de potência,['15'],['2006'],[HTML],['3'],algoritmos+geneticos,
171,http://oa.upm.es/655,Control de Procesos basado en eventos mediante Bases de Conocimiento Borrosas y Algoritmos Genéticos,['5'],['2001'],[HTML],['3'],algoritmos+geneticos,
172,https://www.researchgate.net/profile/Teresa_Ludermir/publication/220162296_Um_Tutorial_sobre_Algoritmos_Geneticos/links/5527e0100cf2779ab78ad9ec/Um-Tutorial-sobre-Algoritmos-Geneticos.pdf,Um Tutorial sobre Algoritmos Genéticos.,['11'],['2002'],[PDF],['3'],algoritmos+geneticos,
173,https://repositorio.ufsc.br/handle/123456789/158020,Algoritmos genéticos em problemas de programação não linear contínua,['8'],['1996'],[PDF],['3'],algoritmos+geneticos,
174,http://www.adingor.es/congresos/web/articulo/detalle/a/765,Un nuevo algoritmo genético basado en un sistema multiagente para la programación de la producción en un taller de flujo híbrido,['5'],['2007'],[PDF],['4'],algoritmos+geneticos,
175,https://ieeexplore.ieee.org/abstract/document/6868496/,Simulacion numerica de la permeabilidad magnetica aplicada a ferritas utilizando algoritmos geneticos,['3'],"['2014', '2014']",[PDF],['2'],algoritmos+geneticos,
176,http://e-archivo.uc3m.es/handle/10016/9979,Optimización del modelo Bouc-Wen de un amortiguador magnetoreológico mediante algoritmos genéticos,['4'],"['2010', '3']",[PDF],['3'],algoritmos+geneticos,
177,https://publicaciones.ucuenca.edu.ec/ojs/index.php/maskana/article/view/722,Modelo origen destino para estimar el flujo de tráfico usando algoritmos genéticos,['5'],['2014'],[PDF],['5'],algoritmos+geneticos,
178,http://www.swge.inf.br/anais/sbse2012/PDFS/ARTIGOS/96819.PDF,Gerenciamento pelo lado da demanda em redes inteligentes utilizando algoritmos genéticos,['14'],['2012'],[PDF],['5'],algoritmos+geneticos,
179,http://repositorio.unb.br/handle/10482/6696,Estudo da utilização de algoritmos genéticos para seleção de redes de acesso,['12'],['2008'],[PDF],['5'],algoritmos+geneticos,
180,http://www.scielo.br/scielo.php?pid=S1413-41522010000200011&script=sci_arttext,Utilização de um algoritmo genético híbrido para operação ótima de sistemas de abastecimento de água,['15'],['2010'],[HTML],['3'],algoritmos+geneticos,
181,http://lorien.die.upm.es/~lapiz/rtth/JORNADAS/IV/finals/4jth_138.pdf,Selección y pesado de parámetros acústicos mediante algoritmos genéticos para el reconocimiento del locutor,['4'],['2006'],[PDF],['3'],algoritmos+geneticos,
182,http://sedici.unlp.edu.ar/handle/10915/23535,Representaciones Indirectas en Algoritmos Geneticos aplicados a un problema Scheduling,['3'],['1999'],[PDF],['3'],algoritmos+geneticos,
183,https://www.scielo.sa.cr/scielo.php?pid=S0379-39822016000600025&script=sci_arttext,Identificación de parámetros de un modelo térmico para un motor trifásico de inducción usando algoritmos genéticos,['4'],['2016'],[HTML],['7'],algoritmos+geneticos,
184,http://revistatransportes.org.br/anpet/article/view/134,Algoritmo genético para calibração automática de um simulador de tráfego em rodovias de pista simples,['16'],['2004'],[HTML],['3'],algoritmos+geneticos,
185,http://sedici.unlp.edu.ar/handle/10915/21142,Asignación dinámica de aulas utilizando algoritmos genéticos,['3'],['2005'],[HTML],['2'],algoritmos+geneticos,
186,http://journal.sepln.org/sepln/ojs/ojs/index.php/pln/article/viewFile/3152/1643,Ajuste subjetivo de pesos para selección de unidades a través de algoritmos genéticos interactivos.,['4'],['2003'],[PDF],['7'],algoritmos+geneticos,
187,https://periodicos.ufrn.br/publica/article/view/125,Um algoritmo genético com infecção viral para o problema do caixeiro viajante,['13'],['2005'],[PDF],['3'],algoritmos+geneticos,
188,https://repositorio.ufsc.br/handle/123456789/78608,Otimização de horários em Instituições de Ensino Superior através de algoritmos genéticos,['14'],['2000'],[PDF],['4'],algoritmos+geneticos,
189,https://www.lume.ufrgs.br/handle/10183/25941,Análise formal da complexidade de algoritmos genéticos,['10'],['1998'],[PDF],['3'],algoritmos+geneticos,
190,https://www.researchgate.net/profile/Neura_Bragagnolo/publication/266567117_TECNICA_NAO_DESTRUTIVA_DE_ANALISE_DE_TANINO_EM_CAFE_EMPREGANDO_ESPECTROSCOPIA_NO_INFRAVERMELHO_E_ALGORITMO_GENETICO/links/54b64b5b0cf26833efd36ebf/TECNICA-NAO-DESTRUTIVA-DE-ANALISE-DE-TANINO-EM-CAFE-EMPREGANDO-ESPECTROSCOPIA-NO-INFRAVERMELHO-E-ALGORITMO-GENETICO.pdf,Técnica não destrutiva de análise de tanino em café empregando espectroscopia no infravermelho e algoritmo genético,['15'],['2003'],[PDF],['5'],algoritmos+geneticos,
191,http://revistas.utp.edu.co/index.php/revistaciencia/article/view/1635,Búsqueda de la ruta óptima mediante los algoritmos: genético y dijkstra utilizando mapas de visibilidad,['3'],['2012'],[PDF],['4'],algoritmos+geneticos,
192,https://repositorio.unican.es/xmlui/bitstream/handle/10902/3396/Aplicaci%F3n%20de%20algoritmos.pdf?sequence=1,Aplicación de algoritmos genéticos y recocido simulado a la reconstrucción del diagrama de radiación de antenas,['4'],['2004'],[PDF],['4'],algoritmos+geneticos,
193,http://www.teses.usp.br/teses/disponiveis/18/18154/tde-17032009-150821/en.php,Algoritmos genéticos aplicados à proteção e estimação de harmônicos em sistemas elétricos de potência,['16'],['2008'],[PDF],['4'],algoritmos+geneticos,
194,https://dialnet.unirioja.es/servlet/articulo?codigo=5473636,Algoritmo genético para reducir el makespan en un flow shop híbrido flexible con máquinas paralelas no relacionadas y tiempos de alistamiento dependientes de la …,['5'],['2015'],[PDF],['9'],algoritmos+geneticos,
195,https://revistasinvestigacion.unmsm.edu.pe/index.php/sistem/article/download/3337/2766/,Diseño de un algoritmo genético para la generación de conocimiento en el diagnóstico del Síndrome Autista,['4'],['2009'],[PDF],['4'],algoritmos+geneticos,
196,http://www.ipardes.pr.gov.br/sites/ipardes/arquivos_restritos/files/documento/2019-09/deborah_carvalho_tese_2005.pdf,Árvore de decisão/algoritmo genético para tratar o problema de pequenos disjuntos em classificação de dados,['17'],['2005'],[PDF],['4'],algoritmos+geneticos,
197,http://www2.dbd.puc-rio.br/pergamum/tesesabertas/0024885_04_pretextual.pdf,Determinação do Valor de Opções Reais por Simulação Monte Carlo com Aproximação por Números Fuzzy e Algoritmos Genéticos,['16'],['2004'],[PDF],['4'],algoritmos+geneticos,
198,https://revistas.udistrital.edu.co/index.php/vinculos/article/view/6478,Problema del school timetabling y algoritmos genéticos: una revisión,['3'],['2013'],[PDF],['5'],algoritmos+geneticos,
199,http://www.teses.usp.br/teses/disponiveis/55/55134/tde-11082004-004358/en.php,Extração de conhecimento de redes neurais artificiais utilizando sistemas de aprendizado simbólico e algoritmos genéticos,['15'],['2003'],[PDF],['5'],algoritmos+geneticos,
200,https://profs.info.uaic.ro/~ciortuz/SLIDES/2017s/ml0.pdf,Machine learning,['1408'],['1997'],[PDF],['5'],machine+learning,
201,https://books.google.com.br/books?hl=pt-BR&lr=&id=tZnSDwAAQBAJ&oi=fnd&pg=PR7&dq=machine+learning&ots=F2ZX9Z4pBd&sig=okVvoF12j2IJXGgL8zgo6pzfQ0Y,Introduction to machine learning,['7339'],['2020'],[LIVRO],['20'],machine+learning,
202,https://books.google.com.br/books?hl=pt-BR&lr=&id=tZnSDwAAQBAJ&oi=fnd&pg=PR7&dq=machine+learning&ots=F2ZX9Z4pBd&sig=okVvoF12j2IJXGgL8zgo6pzfQ0Y,Introduction to machine learning,['6608'],['2012'],[CITAÇÃO],['21'],machine+learning,1
203,https://stacks.stanford.edu/file/druid:jt687kv7146/jt687kv7146.pdf,Machine learning,['3859'],['1994'],[PDF],['6'],machine+learning,
204,https://books.google.com.br/books?hl=pt-BR&lr=&id=y_oYCwAAQBAJ&oi=fnd&pg=PP1&dq=machine+learning&ots=-xl_Tkui7O&sig=9IUohLXw8v5iNSB61iMn1XGAVNM,Machine learning: an algorithmic perspective,['1365'],['2015'],[LIVRO],['21'],machine+learning,
205,https://books.google.com.br/books?hl=pt-BR&lr=&id=y_oYCwAAQBAJ&oi=fnd&pg=PP1&dq=machine+learning&ots=-xl_Tkui7O&sig=9IUohLXw8v5iNSB61iMn1XGAVNM,Machine learning: an algorithmic perspective,['2104'],['2018'],[CITAÇÃO],['8'],machine+learning,1
206,https://deepblue.lib.umich.edu/bitstream/handle/2027.42/46947/10994_2005_Article_422926.pdf,Genetic algorithms and machine learning,['2622'],['1988'],[PDF],['7'],machine+learning,
207,https://cds.cern.ch/record/998831,Pattern recognition and machine learning,['42447'],['2006'],[LIVRO],['24'],machine+learning,
208,https://link.springer.com/chapter/10.1007/978-3-540-28650-9_4,Gaussian processes in machine learning,['17483'],['2003'],[LIVRO],['36'],machine+learning,
209,https://books.google.com.br/books?hl=pt-BR&lr=&id=b3ujBQAAQBAJ&oi=fnd&pg=PP1&dq=machine+learning&ots=sQ9uVPAnF2&sig=rJrqLvxmdwWZF8V74zb2bJmSxMY,C4. 5: programs for machine learning,['37443'],['2014'],[LIVRO],['8'],machine+learning,
210,https://www.aaai.org/ojs/index.php/aimagazine/article/view/1324,Machine-learning research,['1824'],['1997'],[LIVRO],['31'],machine+learning,
211,http://www.jmlr.org/papers/volume12/pedregosa11a/pedregosa11a.pdf,Scikit-learn: Machine learning in Python,['25913'],['2011'],[PDF],['40'],machine+learning,
212,https://ieeexplore.ieee.org/abstract/document/396988/,Weka: A machine learning workbench,['1067'],"['94', '1994']",[PDF],['14'],machine+learning,
213,https://books.google.com.br/books?hl=pt-BR&lr=&id=vLiTXDHr_sYC&oi=fnd&pg=PA3&dq=machine+learning&ots=CYszxxXDlm&sig=LKkwiLLQB_sQICjnioK7ELsBp5U,Supervised machine learning: A review of classification techniques,['3918'],['2007'],[PDF],['28'],machine+learning,
214,https://science.sciencemag.org/content/349/6245/255.short,"Machine learning: Trends, perspectives, and prospects",['1630'],['2015'],[PDF],['27'],machine+learning,
215,http://www.jmlr.org/papers/v10/king09a.html,Dlib-ml: A machine learning toolkit,['1529'],['2009'],[PDF],['10'],machine+learning,
216,https://books.google.com.br/books?hl=pt-BR&lr=&id=pxSM7R1sdeQC&oi=fnd&pg=PR9&dq=machine+learning&ots=SMLKK9UV0r&sig=-Ukpsm8wl1oYC5q6b0vyjzQJULQ,Bioinformatics: the machine learning approach,['1857'],['2001'],[LIVRO],['11'],machine+learning,
217,https://books.google.com.br/books?hl=pt-BR&lr=&id=TNg5qVoqRtUC&oi=fnd&pg=PP11&dq=machine+learning&ots=Q3su-voWPn&sig=yyjFi8TXjO82HrM5topbetxq16w,Elements of machine learning,['798'],['1996'],[LIVRO],['3'],machine+learning,
218,https://dl.acm.org/citation.cfm?id=2361796,Machine learning in action,['592'],['2012'],[LIVRO],['5'],machine+learning,
219,https://link.springer.com/chapter/10.1007/3-540-45014-9_1,Ensemble methods in machine learning,['6124'],['2000'],[LIVRO],['39'],machine+learning,
220,https://www.aaai.org/Papers/Symposia/Fall/1994/FS-94-02/FS94-02-034.pdf,Selection of relevant features in machine learning,['4346'],['1994'],[PDF],['46'],machine+learning,
221,https://www.aaai.org/Papers/Symposia/Fall/1994/FS-94-02/FS94-02-034.pdf,Selection of relevant features in machine learning,['2129'],['2014'],[CITAÇÃO],['6'],machine+learning,
222,http://papers.nips.cc/paper/4522-practical-bayesian-optimization,Practical bayesian optimization of machine learning algorithms,['3240'],['2012'],[CITAÇÃO],['26'],machine+learning,
223,https://dl.acm.org/doi/pdf/10.1145/507338.507355,Data mining: practical machine learning tools and techniques with Java implementations,['38891'],['2002'],[PDF],['33'],machine+learning,
224,https://dl.acm.org/doi/pdf/10.1145/2347736.2347755,A few useful things to know about machine learning,['2117'],['2012'],[PDF],['52'],machine+learning,
225,https://www.usenix.org/conference/osdi16/technical-sessions/presentation/abadi,Tensorflow: A system for large-scale machine learning,['7935'],['2016'],[PDF],['29'],machine+learning,
226,http://www.newton.ac.uk/files/seminar/20070809140015001-150844.pdf,Gaussian processes for machine learning,['703'],['2006'],[LIVRO],['4'],machine+learning,
227,https://books.google.com.br/books?hl=pt-BR&lr=&id=y8ORL3DWt4sC&oi=fnd&pg=PR13&dq=machine+learning&ots=bLAY9xN4FF&sig=FHdXIh724OTTItw_CfBQNm_rvAE,"Learning with kernels: support vector machines, regularization, optimization, and beyond",['13915'],['2002'],[LIVRO],['9'],machine+learning,
228,https://www.lri.fr/~pierres/donn%E9es/save/these/articles/lpr-queue/hall99correlationbased.pdf,Correlation-based feature selection for machine learning,['3462'],['1999'],[PDF],['12'],machine+learning,
229,https://books.google.com.br/books?hl=pt-BR&lr=&id=yxZtddB_Ob0C&oi=fnd&pg=PR5&dq=machine+learning&ots=A0XKMb4NBq&sig=xDpFw0RFdH6UD38lFiu3aOuJYnY,Bayesian reasoning and machine learning,['1436'],['2012'],[LIVRO],['7'],machine+learning,
230,https://ergodicity.net/2013/07/,UCI machine learning repository,['4202'],['2007'],[HTML],['6'],machine+learning,
231,https://dl.acm.org/doi/abs/10.1145/2046684.2046692,Adversarial machine learning,['659'],"['4', '2011']",[HTML],['11'],machine+learning,
232,https://link.springer.com/chapter/10.1007/BFb0026683,Text categorization with support vector machines: Learning with many relevant features,['10287'],['1998'],[HTML],['28'],machine+learning,
233,https://www.nature.com/articles/nature23474,Quantum machine learning,['694'],['2017'],[HTML],['16'],machine+learning,
234,http://papers.nips.cc/paper/3150-map-reduce-for-machine-learning-on-multicore.pdf,Map-reduce for machine learning on multicore,['1613'],['2007'],[PDF],['41'],machine+learning,
235,https://dl.acm.org/citation.cfm?id=1118704,Thumbs up?: sentiment classification using machine learning techniques,['8985'],"['02', '2002']",[PDF],['38'],machine+learning,
236,https://books.google.com.br/books?hl=pt-BR&lr=&id=UgC33U2KMCsC&oi=fnd&pg=PA1&dq=machine+learning&ots=Tgnlji1Et2&sig=C9eKK-rInoq8GhHLE0CfRFa2K6I,Readings in machine learning,['439'],['1990'],[LIVRO],['3'],machine+learning,
237,https://link.springer.com/chapter/10.1007/978-0-387-21579-2_9,The boosting approach to machine learning: An overview,['2062'],['2003'],[LIVRO],['78'],machine+learning,
238,https://link.springer.com/chapter/10.1007/978-3-7908-2604-3_16,Large-scale machine learning with stochastic gradient descent,['3350'],"['2010', '2010']",[LIVRO],['17'],machine+learning,
239,http://papers.nips.cc/paper/1814-incremental-and-decremental-support-vector-machine-learning.pdf,Incremental and decremental support vector machine learning,['1471'],['2001'],[PDF],['22'],machine+learning,
240,https://www.jstor.org/stable/25464664,Kernel methods in machine learning,['1434'],['2008'],[PDF],['24'],machine+learning,
241,https://dl.acm.org/doi/abs/10.1145/505282.505283,Machine learning in automated text categorization,['10061'],['2002'],[PDF],['79'],machine+learning,
242,https://dl.acm.org/doi/abs/10.1145/1128817.1128824,Can machine learning be secure?,['647'],"['2006', '2006']",[PDF],['16'],machine+learning,
243,https://link.springer.com/chapter/10.1007/11744023_34,Machine learning for high-speed corner detection,['4562'],['2006'],[PDF],['27'],machine+learning,
244,https://ieeexplore.ieee.org/abstract/document/5392560/,Some studies in machine learning using the game of checkers,['3230'],['1959'],[PDF],['11'],machine+learning,
245,http://ra.adm.cs.cmu.edu/anon/usr0/ftp/anon/ml/CMU-ML-06-108.pdf,The discipline of machine learning,['504'],['2006'],[LIVRO],['24'],machine+learning,
246,https://books.google.com.br/books?hl=pt-BR&lr=&id=JPQx7s2L1A8C&oi=fnd&pg=PR5&dq=machine+learning&ots=vdkezig5Ia&sig=qlNqAmJriLKtb5tOSThvgN2suLI,Optimization for machine learning,['453'],['2012'],[LIVRO],['27'],machine+learning,
247,https://books.google.com.br/books?hl=pt-BR&lr=&id=GOVOCwAAQBAJ&oi=fnd&pg=PP1&dq=machine+learning&ots=NcfDLePQ_F&sig=bMDQDKrtI1xkfUPrTeeKBD59zoA,Python machine learning,['582'],['2015'],[LIVRO],['8'],machine+learning,
248,https://dl.acm.org/citation.cfm?id=1462129,Dataset shift in machine learning,['628'],['2009'],[LIVRO],['2'],machine+learning,
249,http://papers.nips.cc/paper/5872-efficient-and-robust-automated-machine,Efficient and robust automated machine learning,['684'],['2015'],[LIVRO],['11'],machine+learning,
250,https://ieeexplore.ieee.org/abstract/document/7011421/,Dadiannao: A machine-learning supercomputer,['889'],"['2014', '47', '2014']",[LIVRO],['11'],machine+learning,
251,https://dl.acm.org/doi/abs/10.1145/604045.604056,Interactive machine learning,['385'],"['8', '2003']",[LIVRO],['19'],machine+learning,
252,http://www.hutter1.net/mlss08/files/smola.pdf,Introduction to machine learning,['392'],"['2008', '1']",[PDF],['10'],machine+learning,
253,https://dl.acm.org/doi/abs/10.1145/1015330.1015341,Support vector machine learning for interdependent and structured output spaces,['1584'],['2004'],[PDF],['30'],machine+learning,
254,https://arxiv.org/abs/1611.01236,Adversarial machine learning at scale,['817'],"['1611', '01236', '2016']",[PDF],['10'],machine+learning,
255,https://books.google.com.br/books?hl=pt-BR&lr=&id=i8hQhp1a62UC&oi=fnd&pg=PT29&dq=machine+learning&ots=90qfBvbAdN&sig=spm3UMU-YL2v4J4ycYs51IenSYk,Encyclopedia of machine learning,['632'],['2011'],[LIVRO],['7'],machine+learning,
256,https://www.nature.com/articles/nature14541,Probabilistic machine learning and artificial intelligence,['733'],['2015'],[LIVRO],['17'],machine+learning,
257,https://books.google.com.br/books?hl=pt-BR&lr=&id=4NVAIjGKgaAC&oi=fnd&pg=PR9&dq=machine+learning&ots=inyjZcdKbJ&sig=wU1zf0TeZKGQVBjABc0qHdBl2pQ,Graphical models for machine learning and digital communication,['722'],['1998'],[LIVRO],['5'],machine+learning,
258,https://books.google.com.br/books?hl=pt-BR&lr=&id=ZQu8AQAAQBAJ&oi=fnd&pg=PT12&dq=machine+learning&ots=_8yj-l1gc8&sig=_GSC9sbC7jIDrCEc0kSsnvPEymg,Machine learning with R,['425'],['2013'],[LIVRO],['7'],machine+learning,
259,https://link.springer.com/article/10.1023/A:1011117102175,Machine learning for user modeling,['509'],['2001'],[LIVRO],['21'],machine+learning,
260,https://dl.acm.org/doi/abs/10.1145/219717.219768,Applications of machine learning and rule induction,['613'],['1995'],[LIVRO],['17'],machine+learning,
261,https://infoscience.epfl.ch/record/192376/files/Collobert_NIPSWORKSHOP_2011.pdf,Torch7: A matlab-like environment for machine learning,['1511'],['2011'],[PDF],['14'],machine+learning,
262,https://dl.acm.org/doi/fullHtml/10.1145/319382.319388,Machine learning and data mining,['493'],['1999'],[HTML],['28'],machine+learning,
263,https://dl.acm.org/doi/fullHtml/10.1145/319382.319388,Machine learning and data mining,['431'],['2007'],[CITAÇÃO],['4'],machine+learning,1
264,http://folk.uio.no/plison/pdfs/talks/machinelearning.pdf,An introduction to machine learning,['394'],['2015'],[PDF],['3'],machine+learning,
265,https://arxiv.org/abs/1603.04467,Tensorflow: Large-scale machine learning on heterogeneous distributed systems,['4912'],['2016'],[PDF],['6'],machine+learning,
266,https://www.sciencedirect.com/science/article/pii/016727898690240X,"The immune system, adaptation, and machine learning",['1966'],['1986'],[PDF],['11'],machine+learning,
267,https://books.google.com.br/books?hl=pt-BR&lr=&id=cnyjBQAAQBAJ&oi=fnd&pg=PP1&dq=machine+learning&ots=5caFMy8Q0t&sig=OTVInp-KGnlASpLHCj3NT2f3jBg,Machine learning: a theoretical approach,['456'],['2014'],[LIVRO],['6'],machine+learning,
268,https://www.sciencedirect.com/science/article/pii/S1361841512000333,Machine learning and radiology,['365'],['2012'],[LIVRO],['10'],machine+learning,
269,https://www.sciencedirect.com/science/article/pii/S1053811908012263,Machine learning classifiers and fMRI: a tutorial overview,['1397'],['2009'],[LIVRO],['22'],machine+learning,
270,https://arxiv.org/abs/1204.6078,Distributed graphlab: A framework for machine learning in the cloud,['1835'],['2012'],[LIVRO],['33'],machine+learning,
271,https://researchcommons.waikato.ac.nz/handle/10289/1512,Practical feature subset selection for machine learning,['486'],['1998'],[LIVRO],['2'],machine+learning,
272,https://www.sciencedirect.com/science/article/pii/S0097848501000948,Drug design by machine learning: support vector machines for pharmaceutical data analysis,['733'],['2001'],[LIVRO],['12'],machine+learning,
273,https://academic.oup.com/bib/article-abstract/7/1/86/264025,Machine learning in bioinformatics,['644'],['2006'],[LIVRO],['9'],machine+learning,
274,http://www.nowpublishers.com/article/Details/MAL-044,Determinantal point processes for machine learning,['516'],['2012'],[LIVRO],['12'],machine+learning,
275,http://citeseerx.ist.psu.edu/viewdoc/summary?doi=10.1.1.43.3153,Sparse greedy matrix approximation for machine learning,['760'],['2000'],[LIVRO],['7'],machine+learning,
276,https://link.springer.com/article/10.1023/A:1008942012299,Multiagent systems: A survey from a machine learning perspective,['1565'],['2000'],[LIVRO],['49'],machine+learning,
277,https://researchcommons.waikato.ac.nz/handle/10289/1024,Correlation-based feature selection of discrete and numeric class machine learning,['1939'],['2000'],[LIVRO],['14'],machine+learning,
278,https://dl.acm.org/doi/abs/10.5555/2946645.2946679,Mllib: Machine learning in apache spark,['1291'],['2016'],[LIVRO],['19'],machine+learning,
279,https://dl.acm.org/doi/abs/10.1145/3052973.3053009,Practical black-box attacks against machine learning,['1084'],['2017'],[LIVRO],['9'],machine+learning,
280,https://www.morganclaypool.com/doi/abs/10.2200/s00324ed1v01y201102aim010,Learning with support vector machines,['267'],['2011'],[LIVRO],['7'],machine+learning,
281,https://epubs.siam.org/doi/abs/10.1137/16M1080173,Optimization methods for large-scale machine learning,['972'],['2018'],[LIVRO],['16'],machine+learning,
282,http://www.jmlr.org/papers/v11/sonnenburg10a.html,The SHOGUN machine learning toolbox,['319'],['2010'],[LIVRO],['27'],machine+learning,
283,https://www.sciencedirect.com/science/article/pii/S0957417409004801,Intrusion detection by machine learning: A review,['732'],['2009'],[LIVRO],['9'],machine+learning,
284,https://www.usenix.org/conference/osdi14/technical-sessions/presentation/li_mu,Scaling distributed machine learning with the parameter server,['888'],['2014'],[LIVRO],['27'],machine+learning,
285,https://www.aaai.org/Papers/Workshops/2000/WS-00-05/WS00-05-001.pdf,Machine learning from imbalanced data sets 101,['484'],"['2000', '2000']",[PDF],['15'],machine+learning,
286,https://link.springer.com/content/pdf/10.1007/978-1-4419-9326-7.pdf,Ensemble machine learning: methods and applications,['416'],['2012'],[LIVRO],['6'],machine+learning,
287,https://www.nature.com/articles/nphys4035,Machine learning phases of matter,['552'],['2017'],[HTML],['8'],machine+learning,
288,https://link.springer.com/article/10.1007/s00521-013-1362-6,A survey of multi-view machine learning,['530'],['2013'],[HTML],['10'],machine+learning,
289,https://infoscience.epfl.ch/record/82802/files/rr02-46.pdf,Torch: a modular machine learning software library,['490'],['2002'],[PDF],['8'],machine+learning,
290,https://www.nature.com/articles/nrg3920,Machine learning applications in genetics and genomics,['692'],['2015'],[PDF],['15'],machine+learning,
291,https://dl.acm.org/citation.cfm?id=1073102,Improving machine learning approaches to coreference resolution,['811'],"['40', '2002']",[PDF],['23'],machine+learning,
292,https://aip.scitation.org/doi/abs/10.1063/1.4966192,Perspective: Machine learning potentials for atomistic simulations,['319'],['2016'],[PDF],['6'],machine+learning,
293,https://www.ncbi.nlm.nih.gov/pmc/articles/PMC5070532/,"Predicting the future—big data, machine learning, and clinical medicine",['837'],['2016'],[HTML],['7'],machine+learning,
294,https://www.ahajournals.org/doi/abs/10.1161/circulationaha.115.001593,Machine learning in medicine,['533'],['2015'],[HTML],['13'],machine+learning,
295,https://www.worldscientific.com/doi/abs/10.1142/S0129065704001899,Gaussian processes for machine learning,['567'],['2004'],[HTML],['14'],machine+learning,
296,https://www.aeaweb.org/articles?id=10.1257/jep.31.2.87,Machine learning: an applied econometric approach,['540'],['2017'],[HTML],['14'],machine+learning,
297,http://www.temida.si/~bojan/_resources/Cestnik_Estimating_probabilities.pdf,Estimating probabilities: a crucial task in machine learning.,['666'],['1990'],[PDF],['5'],machine+learning,
298,http://www.jmlr.org/papers/v11/rasmussen10a.html,Gaussian processes for machine learning (GPML) toolbox,['629'],['2010'],[PDF],['15'],machine+learning,
299,https://www.sciencedirect.com/science/article/pii/S093336570100077X,"Machine learning for medical diagnosis: history, state of the art and perspective",['1122'],['2001'],[PDF],['12'],machine+learning,
300,https://link.springer.com/chapter/10.1007/978-3-540-24668-8_21,Flow clustering using machine learning techniques,['666'],['2004'],[PDF],['24'],machine+learning,1
301,https://ieeexplore.ieee.org/abstract/document/4674368/,Faster and better: A machine learning approach to corner detection,['1801'],['2008'],[PDF],['29'],machine+learning,1
302,https://books.google.com.br/books?hl=pt-BR&lr=&id=TrFoHng-H8MC&oi=fnd&pg=PP1&dq=machine+learning&ots=ZhBUaSmP8E&sig=Uo--zed_7Ku4FZMO4tPfpV6_F-M,Sequential methods in pattern recognition and machine learning,['671'],['1968'],[LIVRO],['4'],machine+learning,1
303,https://www.sciencedirect.com/science/article/pii/S1053811910014163,Introduction to machine learning for brain imaging,['528'],['2011'],[LIVRO],['15'],machine+learning,1
304,https://link.springer.com/chapter/10.1007/978-0-387-09823-4_66,Weka-a machine learning workbench for data mining,['475'],['2009'],[LIVRO],['19'],machine+learning,1
305,https://link.springer.com/chapter/10.1007/3-540-70659-3_2,Machine learning for sequential data: A review,['678'],['2002'],[LIVRO],['23'],machine+learning,1
306,https://dl.acm.org/doi/abs/10.5555/2946645.3053452,mlr: Machine Learning in R,['340'],['2016'],[LIVRO],['17'],machine+learning,1
307,https://arxiv.org/abs/1708.07747,Fashion-mnist: a novel image dataset for benchmarking machine learning algorithms,['1104'],"['1708', '07747', '2017']",[LIVRO],['7'],machine+learning,1
308,https://dl.acm.org/doi/abs/10.1145/1835449.1835522,Uncovering social spammers: social honeypots+ machine learning,['704'],"['33', '2010']",[LIVRO],['9'],machine+learning,1
309,https://pdfs.semanticscholar.org/986d/b24ec9194e4fd9f9c3ea853d354dd4fc4acf.pdf,Machine learning and data mining: methods and applications,['572'],['1998'],[LIVRO],['3'],machine+learning,1
310,https://www.ncbi.nlm.nih.gov/pmc/articles/PMC1904382/,Machine learning and its applications to biology,['406'],['2007'],[HTML],['16'],machine+learning,1
311,https://ieeexplore.ieee.org/abstract/document/4738466/,A survey of techniques for internet traffic classification using machine learning,['1444'],['2008'],[HTML],['17'],machine+learning,1
312,https://dl.acm.org/doi/abs/10.1145/375663.375731,Reconciling schemas of disparate data sources: A machine-learning approach,['1067'],"['2001', '2001']",[HTML],['25'],machine+learning,1
313,https://ieeexplore.ieee.org/abstract/document/5504793/,Outside the closed world: On using machine learning for network intrusion detection,['1128'],"['2010', '2010']",[HTML],['19'],machine+learning,1
314,https://researchcommons.waikato.ac.nz/handle/10289/1040,Weka: Practical machine learning tools and techniques with Java implementations,['596'],['1999'],[HTML],['13'],machine+learning,1
315,https://link.springer.com/chapter/10.1007/978-3-540-30116-5_58,Orange: From experimental machine learning to interactive data mining,['460'],['2004'],[HTML],['11'],machine+learning,1
316,https://ieeexplore.ieee.org/abstract/document/7958568/,Membership inference attacks against machine learning models,['524'],"['2017', '2017']",[HTML],['14'],machine+learning,1
317,https://www.sciencedirect.com/science/article/pii/S2001037014000464,Machine learning applications in cancer prognosis and prediction,['906'],['2015'],[HTML],['8'],machine+learning,1
318,https://www.nature.com/articles/218019a0,“Memo” functions and machine learning,['644'],['1968'],[HTML],['6'],machine+learning,0
319,https://www.mitpressjournals.org/doi/abs/10.1162/089120101753342653,A machine learning approach to coreference resolution of noun phrases,['1192'],['2001'],[HTML],['29'],machine+learning,1
320,https://arxiv.org/abs/1408.2041,Graphlab: A new framework for parallel machine learning,['810'],['2014'],[HTML],['37'],machine+learning,1
321,http://papers.nips.cc/paper/5955-convolutional-lstm-network-a-machine-learning-approach-for-precipitation-nowcasting,Convolutional LSTM network: A machine learning approach for precipitation nowcasting,['1845'],['2015'],[HTML],['13'],machine+learning,1
322,https://arxiv.org/abs/1512.01274,Mxnet: A flexible and efficient machine learning library for heterogeneous distributed systems,['1269'],['2015'],[HTML],['16'],machine+learning,1
323,https://link.springer.com/chapter/10.1007/978-3-540-24750-0_19,Ontology matching: A machine learning approach,['627'],['2004'],[HTML],['12'],machine+learning,1
324,https://dl.acm.org/doi/pdf/10.1145/212094.212114,Overfitting and undercomputing in machine learning,['327'],['1995'],[PDF],['10'],machine+learning,0
325,https://ieeexplore.ieee.org/abstract/document/345828/,Machine learning approaches to estimating software development effort,['603'],['1995'],[PDF],['10'],machine+learning,0
326,https://onlinelibrary.wiley.com/doi/abs/10.1002/sim.3782,Improving propensity score weighting using machine learning,['504'],['2010'],[PDF],['12'],machine+learning,1
327,https://patents.google.com/patent/US20050105712A1/en,Machine learning,['284'],"['10', '939', '288', '2005']",[PDF],['12'],machine+learning,0
328,https://arxiv.org/abs/1308.4214,Pylearn2: a machine learning research library,['296'],['2013'],[PDF],['8'],machine+learning,1
329,https://books.google.com.br/books?hl=pt-BR&lr=&id=9u0gAwAAQBAJ&oi=fnd&pg=PR11&dq=machine+learning&ots=lx11N23woB&sig=lT_2--6KK0XdsU_c6klKFRPVL_Y,Scaling up machine learning: Parallel and distributed approaches,['382'],['2011'],[LIVRO],['4'],machine+learning,1
330,https://pubs.rsna.org/doi/abs/10.1148/rg.2017160130,Machine learning for medical imaging,['299'],['2017'],[LIVRO],['7'],machine+learning,
331,https://www.usenix.org/conference/usenixsecurity16/technical-sessions/presentation/tramer,Stealing machine learning models via prediction apis,['479'],"['25', '2016']",[LIVRO],['20'],machine+learning,
332,https://link.springer.com/article/10.1007/s10462-007-9052-3,Machine learning: a review of classification and combining techniques,['687'],['2006'],[LIVRO],['21'],machine+learning,
333,http://citeseerx.ist.psu.edu/viewdoc/download?doi=10.1.1.32.9924&rep=rep1&type=pdf,On applied research in machine learning,['272'],['1998'],[PDF],['20'],machine+learning,0
334,http://cidrdb.org/cidr2013/Papers/CIDR13_Paper118.pdf,MLbase: A Distributed Machine-learning System.,['316'],['2013'],[PDF],['20'],machine+learning,1
335,https://eprints.qut.edu.au/114256/,The use of the area under the ROC curve in the evaluation of machine learning algorithms,['4703'],['1997'],[PDF],['19'],machine+learning,0
336,https://www.sciencedirect.com/science/article/pii/S037872060100091X,Business data mining—a machine learning perspective,['441'],['2001'],[PDF],['7'],machine+learning,0
337,https://ieeexplore.ieee.org/abstract/document/7358050/,A review of relational machine learning for knowledge graphs,['731'],['2015'],[PDF],['20'],machine+learning,1
338,https://www.tandfonline.com/doi/abs/10.1080/00107514.2014.964942,An introduction to quantum machine learning,['300'],['2015'],[PDF],['9'],machine+learning,1
339,https://www.frontiersin.org/articles/10.3389/fninf.2014.00014,Machine learning for neuroimaging with scikit-learn,['436'],['2014'],[HTML],['28'],machine+learning,1
340,https://ieeexplore.ieee.org/abstract/document/5767930/,SystemML: Declarative machine learning on MapReduce,['342'],"['2011', '27', '2011']",[HTML],['20'],machine+learning,1
341,https://dl.acm.org/doi/abs/10.1145/2654822.2541967,Diannao: A small-footprint high-throughput accelerator for ubiquitous machine-learning,['902'],['2014'],[HTML],['9'],machine+learning,1
342,http://www.jmlr.org/papers/v2/genton01a.html,Classes of kernels for machine learning: a statistics perspective,['567'],['2001'],[HTML],['16'],machine+learning,1
343,https://dl.acm.org/doi/abs/10.1145/2641190.2641198,OpenML: networked science in machine learning,['413'],['2014'],[HTML],['23'],machine+learning,1
344,https://telearn.archives-ouvertes.fr/hal-00257111/,Student modeling and machine learning,['239'],['1998'],[HTML],['8'],machine+learning,0
345,https://ieeexplore.ieee.org/abstract/document/346412/,MLC++: A machine learning library in C++,['303'],['1994'],[HTML],['12'],machine+learning,0
346,http://iot.stanford.edu/pubs/bost-learning-ndss15.pdf,Machine learning classification over encrypted data.,['432'],['2015'],[PDF],['13'],machine+learning,1
347,https://dl.acm.org/doi/abs/10.1145/1007730.1007735,A study of the behavior of several methods for balancing machine learning training data,['2145'],['2004'],[PDF],['18'],machine+learning,1
348,https://books.google.com.br/books?hl=pt-BR&lr=&id=GNTZjXHjB7kC&oi=fnd&pg=PR11&dq=machine+learning&ots=fOSpbVBsxR&sig=xcLuNfQZkc4NMPAwRmOB4Jeu_Xs,Learning to classify text using support vector machines,['2314'],['2002'],[LIVRO],['20'],machine+learning,1
349,https://link.springer.com/chapter/10.1007/978-3-642-40994-3_25,Evasion attacks against machine learning at test time,['485'],['2013'],[LIVRO],['24'],machine+learning,1
350,https://www.researchgate.net/profile/V_Tampakas/publication/228084521_Text_Classification_Using_Machine_Learning_Techniques/links/0c96051ee1dfda0e74000000.pdf,Text classification using machine learning techniques.,['377'],['2005'],[PDF],['6'],machine+learning,0
351,https://dl.acm.org/citation.cfm?id=1220648,Emotions from text: machine learning for text-based emotion prediction,['754'],['2005'],[PDF],['19'],machine+learning,1
352,https://content.iospress.com/articles/journal-of-computer-security/jcs410,Automatic analysis of malware behavior using machine learning,['616'],['2011'],[PDF],['26'],machine+learning,1
353,https://journals.aps.org/prl/abstract/10.1103/PhysRevLett.108.058301,Fast and accurate modeling of molecular atomization energies with machine learning,['845'],['2012'],[PDF],['31'],machine+learning,1
354,https://books.google.com.br/books?hl=pt-BR&lr=&id=Ofp4h_oXsZ4C&oi=fnd&pg=PR15&dq=machine+learning&ots=XKw-mn8qKS&sig=zBRwrzi5AEdO1KnyQEualc5wtPI,Machine learning: the art and science of algorithms that make sense of data,['829'],['2012'],[LIVRO],['7'],machine+learning,1
355,https://arxiv.org/abs/1307.0411,Quantum algorithms for supervised and unsupervised machine learning,['289'],"['1307', '0411', '2013']",[LIVRO],['4'],machine+learning,1
356,https://link.springer.com/article/10.1023/A:1009953814988,Automating the construction of internet portals with machine learning,['721'],['2000'],[LIVRO],['29'],machine+learning,0
357,https://dl.acm.org/doi/abs/10.5555/3122009.3242010,Automatic differentiation in machine learning: a survey,['416'],['2017'],[LIVRO],['22'],machine+learning,1
358,https://books.google.com.br/books?hl=pt-BR&lr=&id=3RxQmtJnH5YC&oi=fnd&pg=PP1&dq=machine+learning&ots=MAizlbssZP&sig=RxwDCPoTKppYo8_PZQJ4dsQMPNo,Pattern recognition and machine learning,['246'],['2012'],[LIVRO],['6'],machine+learning,1
359,https://arxiv.org/abs/1206.4656,Machine learning that matters,['208'],"['1206', '4656', '2012']",[LIVRO],['17'],machine+learning,1
360,https://ieeexplore.ieee.org/abstract/document/1467492/,Recognizing facial expression: machine learning and application to spontaneous behavior,['715'],"['2005', '2005']",[LIVRO],['16'],machine+learning,1
361,https://arxiv.org/abs/1702.08608,Towards a rigorous science of interpretable machine learning,['627'],"['1702', '08608', '2017']",[LIVRO],['9'],machine+learning,1
362,https://www.journals.uchicago.edu/doi/abs/10.1086/587826,Machine learning methods without tears: a primer for ecologists,['438'],['2008'],[LIVRO],['17'],machine+learning,1
363,https://books.google.com.br/books?hl=pt-BR&lr=&id=8KgACAAAQBAJ&oi=fnd&pg=PA1&dq=machine+learning&ots=BcruLdkzTd&sig=E78j-veHGU0BLXD_wmsNqwkFl4g,"The cross-entropy method: a unified approach to combinatorial optimization, Monte-Carlo simulation and machine learning",['1614'],['2013'],[LIVRO],['8'],machine+learning,1
364,https://www.aaai.org/ocs/index.php/ICWSM/ICWSM11/paper/viewPaper/2886,A machine learning approach to twitter user classification,['604'],['2011'],[LIVRO],['4'],machine+learning,1
365,https://ieeexplore.ieee.org/abstract/document/6805162/,"Machine learning in wireless sensor networks: Algorithms, strategies, and applications",['501'],['2014'],[LIVRO],['14'],machine+learning,1
366,https://arxiv.org/abs/1309.0238,API design for machine learning software: experiences from the scikit-learn project,['741'],['2013'],[LIVRO],['17'],machine+learning,1
367,https://link.springer.com/content/pdf/10.1007/BFb0029575.pdf,On-line algorithms in machine learning,['288'],['1998'],[LIVRO],['45'],machine+learning,0
368,https://ieeexplore.ieee.org/abstract/document/5391906/,Some studies in machine learning using the game of checkers. II—Recent progress,['703'],['1967'],[LIVRO],['18'],machine+learning,0
369,https://books.google.com.br/books?hl=pt-BR&lr=&id=XAqhDwAAQBAJ&oi=fnd&pg=PA19&dq=machine+learning&ots=r1NqbWwgHt&sig=VVrRdSBF0KlH8Zy0_d3hPIy8Cig,Types of machine learning algorithms,['211'],['2010'],[LIVRO],['10'],machine+learning,0
370,"http://alvarestech.com/temp/Industry4.0/2019/(Morgan%20Kaufmann%20Series%20in%20Data%20Management%20Systems)%20Ian%20H.%20Witten,%20Eibe%20Frank,%20Mark%20A.%20Hall,%20Christopher%20J.%20Pal%20-%20Data%20Mining_%20Practical%20Machine%20Learning%20Tools%20and%20Techniques-Morgan%20Kaufmann%20Publisher.pdf",Practical machine learning tools and techniques,['305'],['2005'],[PDF],['2'],machine+learning,0
371,https://link.springer.com/article/10.1007/s00180-008-0119-7,Open-source machine learning: R meets Weka,['353'],['2009'],[PDF],['19'],machine+learning,0
372,https://ieeexplore.ieee.org/abstract/document/6147681/,Using machine learning to detect cyberbullying,['288'],['2011'],[PDF],['10'],machine+learning,0
373,https://dl.acm.org/doi/abs/10.1145/2187836.2187874,Factorizing yago: scalable machine learning for linked data,['344'],"['21', '2012']",[PDF],['10'],machine+learning,0
374,http://citeseerx.ist.psu.edu/viewdoc/download?doi=10.1.1.431.5382&rep=rep1&type=pdf,Making machine learning models interpretable.,['212'],['2012'],[PDF],['8'],machine+learning,0
375,https://science.sciencemag.org/content/353/6301/790.short,Combining satellite imagery and machine learning to predict poverty,['578'],['2016'],[PDF],['9'],machine+learning,1
376,https://dl.acm.org/citation.cfm?id=559923,"Learning with kernels: support vector machines, regularization, optimization, and beyond",['5133'],['2001'],[LIVRO],['3'],machine+learning,1
377,https://www.morganclaypool.com/doi/abs/10.2200/S00832ED1V01Y201802AIM037,Lifelong machine learning,['190'],['2018'],[LIVRO],['8'],machine+learning,1
378,https://www.sciencedirect.com/science/article/pii/S0893608012000457,Man vs. computer: Benchmarking machine learning algorithms for traffic sign recognition,['670'],['2012'],[LIVRO],['18'],machine+learning,1
379,https://ieeexplore.ieee.org/abstract/document/1550864/,Automated traffic classification and application identification using machine learning,['669'],['2005'],[LIVRO],['14'],machine+learning,1
380,https://ieeexplore.ieee.org/abstract/document/7891546/,Tensor decomposition for signal processing and machine learning,['508'],['2017'],[LIVRO],['15'],machine+learning,1
381,https://books.google.com.br/books?hl=pt-BR&lr=&id=NOQHkhcFJ0oC&oi=fnd&pg=PR5&dq=machine+learning&ots=Qsmd02lcPA&sig=SDzJXylTvbar6WyslkykWD80f1w,Density ratio estimation in machine learning,['279'],['2012'],[LIVRO],['11'],machine+learning,1
382,https://books.google.com.br/books?hl=pt-BR&lr=&id=UgC33U2KMCsC&oi=fnd&pg=PA177&dq=machine+learning&ots=Tgnlji1Fn6&sig=ZAOIc7-WJkYv9rZhNgqGWY48JEE,"An empirical comparison of pattern recognition, neural nets and machine learning classification methods",['612'],['1990'],[LIVRO],['12'],machine+learning,0
383,https://ieeexplore.ieee.org/abstract/document/4492360/,Pareto-based multiobjective machine learning: An overview and case studies,['334'],['2008'],[LIVRO],['17'],machine+learning,1
384,https://dl.acm.org/doi/abs/10.1145/1163593.1163596,A preliminary performance comparison of five machine learning algorithms for practical IP traffic flow classification,['753'],['2006'],[LIVRO],['15'],machine+learning,1
385,https://pubs.rsc.org/--/content/articlehtml/2018/sc/c7sc02664a,MoleculeNet: a benchmark for molecular machine learning,['356'],['2018'],[HTML],['9'],machine+learning,1
386,https://ieeexplore.ieee.org/abstract/document/1611549/,Using machine learning to focus iterative optimization,['428'],['2006'],[HTML],['27'],machine+learning,0
387,https://books.google.com.br/books?hl=pt-BR&lr=&id=b24NDgAAQBAJ&oi=fnd&pg=PP1&dq=machine+learning&ots=H9BxcPCksp&sig=qo6CJT-fYIJo2vVgi_IPNYFJm6I,A first course in machine learning,['180'],['2016'],[LIVRO],['9'],machine+learning,1
388,http://www.academia.edu/download/30773019/jait0101.pdf#page=6,A review of machine learning algorithms for text-documents classification,['507'],['2010'],[PDF],['9'],machine+learning,1
389,https://www.nature.com/articles/srep13087?report=reader,Machine learning methods for quantitative radiomic biomarkers,['388'],['2015'],[HTML],['23'],machine+learning,1
390,https://ieeexplore.ieee.org/abstract/document/7792374/,Machine learning paradigms for next-generation wireless networks,['444'],['2016'],[HTML],['5'],machine+learning,1
391,https://ieeexplore.ieee.org/abstract/document/5484160/,Machine learning in medical imaging,['232'],['2010'],[HTML],['11'],machine+learning,1
392,https://link.springer.com/chapter/10.1007/978-3-642-37682-5_1,ML confidential: Machine learning on encrypted data,['328'],['2012'],[HTML],['19'],machine+learning,1
393,https://books.google.com.br/books?hl=pt-BR&lr=&id=y5Txq1AkJoMC&oi=fnd&pg=PA1&dq=machine+learning&ots=_PMIE39wLq&sig=z3Jnyca4zwJ_S6o-Uw2wi3szkj8,The computational complexity of machine learning,['274'],['1990'],[LIVRO],['4'],machine+learning,0
394,https://www.aaai.org/Library/FLAIRS/1999/flairs99-042.php,Feature selection for machine learning: comparing a correlation-based filter approach to the wrapper.,['562'],['1999'],[LIVRO],['5'],machine+learning,0
395,https://www.nature.com/articles/s41586-018-0337-2,Machine learning for molecular and materials science,['487'],['2018'],[LIVRO],['14'],machine+learning,1
396,https://ieeexplore.ieee.org/abstract/document/8002642/,Speeding up distributed machine learning using codes,['338'],['2017'],[LIVRO],['10'],machine+learning,1
397,https://books.google.com.br/books?hl=pt-BR&lr=&id=yhkvL3gArwsC&oi=fnd&pg=PA2&dq=machine+learning&ots=j6yWC1ZPAw&sig=lIrcvXFhkyM7X_MCkDWAfmyUSGc,Multi-objective machine learning,['213'],['2006'],[LIVRO],['8'],machine+learning,1
398,https://arxiv.org/abs/1605.07277,Transferability in machine learning: from phenomena to black-box attacks using adversarial samples,['589'],"['1605', '07277', '2016']",[LIVRO],['6'],machine+learning,1
399,http://papers.nips.cc/paper/2571-using-machine-learning-to-break-visual-human-interaction-proofs-hips.pdf,Using machine learning to break visual human interaction proofs (HIPs),['317'],['2005'],[PDF],['11'],machine+learning,1